{
    "model_name": "Scratch CNN",
    "train_accuracy": 0.8975964637627775,
    "train_macro_f1": 0.8850142599456167,
    "test_accuracy": 0.7903780068728522,
    "test_macro_precision": 0.7438410158550437,
    "test_macro_recall": 0.7561304314924125,
    "test_macro_f1": 0.7472292283903771,
    "test_weighted_precision": 0.8005299591478146,
    "test_weighted_recall": 0.7903780068728522,
    "test_weighted_f1": 0.7929448844194507,
    "train_time": 353.90710032591596,
    "inference_time": 4.30041872500442
}