{
    "model_name": "Scratch CNN",
    "train_accuracy": 0.6276821070080117,
    "train_macro_f1": 0.564618627568081,
    "test_accuracy": 0.618127147766323,
    "test_macro_precision": 0.5946615295400016,
    "test_macro_recall": 0.6040238457504347,
    "test_macro_f1": 0.5620369266783617,
    "test_weighted_precision": 0.6640133603034514,
    "test_weighted_recall": 0.618127147766323,
    "test_weighted_f1": 0.6046520960648881,
    "train_time": 175.35789403086528,
    "inference_time": 4.159414997091517
}