{
    "model_name": "Scratch CNN",
    "train_accuracy": 0.8672990146422322,
    "train_macro_f1": 0.8523924320963543,
    "test_accuracy": 0.7641752577319587,
    "test_macro_precision": 0.7149885029100539,
    "test_macro_recall": 0.7473421324837707,
    "test_macro_f1": 0.7277138206900209,
    "test_weighted_precision": 0.7791683265108772,
    "test_weighted_recall": 0.7641752577319587,
    "test_weighted_f1": 0.7681962281692183,
    "train_time": 356.878174202051,
    "inference_time": 4.1687002601101995
}