model,test_accuracy,test_macro_f1,test_weighted_f1,test_macro_precision,test_macro_recall,train_time,inference_time
MobileNet Transfer,0.938573883161512,0.9142577245654269,0.9385909024946286,0.9197072843081194,0.9115565581496082,576.6840251360554,12.933272808091715
Scratch CNN,0.7641752577319587,0.7277138206900209,0.7681962281692183,0.7149885029100539,0.7473421324837707,356.878174202051,4.1687002601101995
Random Forest,0.5433848797250859,0.4059861369817001,0.528656821578784,0.44515745158469516,0.4237183180757069,6.169024785980582,0.02437993697822094
